measure,value
Coverage assets (net assets + debt + preferred),4112463
Debt coverage (statutory minimum 300%),4.673253
"Total coverage, debt + preferred (statutory minimum 200%)",3.473364
"Reported-style coverage per $1,000 of debt",4673.253409
Reported-style coverage per $25 preferred (A / preferred x 25),338.19597
Fall in coverage assets to 300% debt coverage,0.358049
Fall in coverage assets to 200% total coverage,0.424189
Fall in coverage assets to 225% contractual total coverage,0.352213
Common distribution capacity under the binding test,1448463.0
