drawdown,nav,eligible_nav,excluded,ltv,status,sweep_reason,diversified,cure_to_target
0.0,1000.0,960.0,40.0,0.15625,ok,,True,0.0
0.05,950.0,912.0,38.0,0.164474,ok,,True,0.0
0.1,900.0,864.0,36.0,0.173611,ok,,True,0.0
0.15,850.0,816.0,34.0,0.183824,ok,,True,0.0
0.2,800.0,768.0,32.0,0.195312,ok,,True,0.0
0.25,750.0,720.0,30.0,0.208333,cash sweep,LTV,True,0.0
0.3,700.0,672.0,28.0,0.223214,cash sweep,LTV,True,0.0
0.35,650.0,624.0,26.0,0.240385,cash sweep,LTV,True,0.0
0.4,600.0,576.0,24.0,0.260417,breach,,True,63.6
0.45,550.0,528.0,22.0,0.284091,breach,,True,70.8
0.5,500.0,480.0,20.0,0.3125,breach,,True,78.0
