case_id,description,loan,ltv_sweep,ltv_breach,ltv_target,single_asset_cap,top_n,top_n_share,min_assets,single_name_loss,name_01,name_02,name_03,name_04,name_05,name_06,name_07,name_08,name_09,name_10,name_11,name_12,name_13,name_14,name_15,name_16,name_17,name_18,name_19,name_20,nav_01,nav_02,nav_03,nav_04,nav_05,nav_06,nav_07,nav_08,nav_09,nav_10,nav_11,nav_12,nav_13,nav_14,nav_15,nav_16,nav_17,nav_18,nav_19,nav_20,exp_eligible_nav,exp_excluded_single_cap,exp_excluded_top_n,exp_ltv,exp_diversified,exp_status,exp_drawdown_to_sweep,exp_drawdown_to_breach,exp_cure_to_target,exp_k1_eligible_nav,exp_k1_ltv,exp_k1_status,exp_k2_eligible_nav,exp_k2_ltv,exp_k2_status,exp_k3_eligible_nav,exp_k3_ltv,exp_k3_status,exp_checks_overall
S01,shipped config nav_facility_hypothetical.json,150,0.2,0.25,0.15,0.2,,,,1.0,Asset 01,Asset 02,Asset 03,Asset 04,Asset 05,Asset 06,Asset 07,Asset 08,Asset 09,Asset 10,Asset 11,,,,,,,,,,240.0,150.0,120.0,100.0,90.0,80.0,70.0,60.0,40.0,30.0,20.0,,,,,,,,,,960.0,40.0,0.0,0.15625,TRUE,ok,0.21875,0.375,0.0,760.0,0.19736842105263158,ok,610.0,0.2459016393442623,cash sweep,488.0,0.3073770491803279,breach,ALL CHECKS PASS
S02,shipped config nav_facility_covenants_hypothetical.json,150,0.2,0.25,0.15,0.2,5,0.6,10,1.0,Asset 01,Asset 02,Asset 03,Asset 04,Asset 05,Asset 06,Asset 07,Asset 08,Asset 09,Asset 10,Asset 11,,,,,,,,,,240.0,150.0,120.0,100.0,90.0,80.0,70.0,60.0,40.0,30.0,20.0,,,,,,,,,,876.0,40.0,84.0,0.17123287671232876,TRUE,ok,0.1438356164383563,0.31506849315068497,0.0,676.0,0.22189349112426035,cash sweep,516.0,0.29069767441860467,breach,382.8,0.39184952978056425,breach,ALL CHECKS PASS
E01,LTV exactly at the breach level (200 / 800 = 0.25),200.0,0.2,0.25,0.15,0.2,,,,1.0,Asset 01,Asset 02,Asset 03,Asset 04,Asset 05,Asset 06,Asset 07,Asset 08,Asset 09,Asset 10,,,,,,,,,,,80.0,80.0,80.0,80.0,80.0,80.0,80.0,80.0,80.0,80.0,,,,,,,,,,,800.0,0.0,0.0,0.25,TRUE,breach,0.0,0.0,80.0,720.0,0.2777777777777778,breach,640.0,0.3125,breach,560.0,0.35714285714285715,breach,ALL CHECKS PASS
E02,LTV exactly at the sweep level (160 / 800 = 0.20),160.0,0.2,0.25,0.15,0.2,,,,1.0,Asset 01,Asset 02,Asset 03,Asset 04,Asset 05,Asset 06,Asset 07,Asset 08,Asset 09,Asset 10,,,,,,,,,,,80.0,80.0,80.0,80.0,80.0,80.0,80.0,80.0,80.0,80.0,,,,,,,,,,,800.0,0.0,0.0,0.2,TRUE,cash sweep,0.0,0.19999999999999996,0.0,720.0,0.2222222222222222,cash sweep,640.0,0.25,breach,560.0,0.2857142857142857,breach,ALL CHECKS PASS
E03,zero loan: LTV 0 and drawdowns to each level are 100%,0.0,0.2,0.25,0.15,0.2,,,,1.0,Asset 01,Asset 02,Asset 03,Asset 04,Asset 05,Asset 06,Asset 07,Asset 08,Asset 09,Asset 10,,,,,,,,,,,80.0,80.0,80.0,80.0,80.0,80.0,80.0,80.0,80.0,80.0,,,,,,,,,,,800.0,0.0,0.0,0.0,TRUE,ok,1.0,1.0,0.0,720.0,0.0,ok,640.0,0.0,ok,560.0,0.0,ok,ALL CHECKS PASS
E04,ties at the cap and at the top-N boundary,120.0,0.2,0.25,0.15,0.15,3,0.4,,1.0,Asset 01,Asset 02,Asset 03,Asset 04,Asset 05,Asset 06,Asset 07,,,,,,,,,,,,,,200.0,200.0,200.0,90.0,90.0,60.0,40.0,,,,,,,,,,,,,,550.4000000000001,204.0,125.59999999999991,0.21802325581395346,TRUE,cash sweep,0.0,0.12790697674418616,0.0,383.6,0.31282586027111575,breach,226.4,0.5300353356890459,breach,106.4,1.1278195488721805,breach,ALL CHECKS PASS
E05,diversity covenant fails while LTV is low (sweep for diversity only),60.0,0.2,0.25,0.15,0.2,,,12,1.0,Asset 01,Asset 02,Asset 03,Asset 04,Asset 05,Asset 06,Asset 07,Asset 08,Asset 09,Asset 10,,,,,,,,,,,80.0,80.0,80.0,80.0,80.0,80.0,80.0,80.0,80.0,80.0,,,,,,,,,,,800.0,0.0,0.0,0.075,FALSE,cash sweep,0.625,0.7,0.0,720.0,0.08333333333333333,cash sweep,640.0,0.09375,cash sweep,560.0,0.10714285714285714,cash sweep,ALL CHECKS PASS
E06,already in breach: cure to target is positive,260.0,0.2,0.25,0.15,0.2,,,,1.0,Asset 01,Asset 02,Asset 03,Asset 04,Asset 05,Asset 06,Asset 07,Asset 08,Asset 09,Asset 10,,,,,,,,,,,80.0,80.0,80.0,80.0,80.0,80.0,80.0,80.0,80.0,80.0,,,,,,,,,,,800.0,0.0,0.0,0.325,TRUE,breach,0.0,0.0,140.0,720.0,0.3611111111111111,breach,640.0,0.40625,breach,560.0,0.4642857142857143,breach,ALL CHECKS PASS
E07,tight single-asset cap binds on most assets,90.0,0.2,0.25,0.15,0.06,,,,1.0,Asset 01,Asset 02,Asset 03,Asset 04,Asset 05,Asset 06,Asset 07,Asset 08,Asset 09,Asset 10,Asset 11,Asset 12,,,,,,,,,150.0,120.0,110.0,95.0,80.0,60.0,45.0,30.0,20.0,15.0,10.0,5.0,,,,,,,,,390.8,349.2,0.0,0.23029682702149437,TRUE,cash sweep,0.0,0.07881269191402251,0.0,292.4,0.3077975376196991,breach,219.2,0.41058394160583944,breach,158.0,0.569620253164557,breach,ALL CHECKS PASS
E08,top-N limit binds hard,110.0,0.2,0.25,0.15,0.5,2,0.3,,1.0,Asset 01,Asset 02,Asset 03,Asset 04,Asset 05,Asset 06,Asset 07,,,,,,,,,,,,,,300.0,250.0,60.0,50.0,40.0,30.0,20.0,,,,,,,,,,,,,,425.0,0.0,325.0,0.25882352941176473,TRUE,breach,0.0,0.0,46.25,267.5,0.411214953271028,breach,150.0,0.7333333333333333,breach,92.0,1.1956521739130435,breach,ALL CHECKS PASS
E09,partial single-name loss (50%),150.0,0.2,0.25,0.15,0.2,,,,0.5,Asset 01,Asset 02,Asset 03,Asset 04,Asset 05,Asset 06,Asset 07,Asset 08,,,,,,,,,,,,,240.0,150.0,120.0,100.0,90.0,80.0,70.0,60.0,,,,,,,,,,,,,852.0,58.0,0.0,0.176056338028169,TRUE,ok,0.11971830985915499,0.295774647887324,0.0,790.0,0.189873417721519,ok,715.0,0.2097902097902098,cash sweep,655.0,0.22900763358778625,cash sweep,ALL CHECKS PASS
E10,all 20 slots filled with both optional limits on,180.0,0.2,0.25,0.15,0.2,5,0.55,15,1.0,Asset 01,Asset 02,Asset 03,Asset 04,Asset 05,Asset 06,Asset 07,Asset 08,Asset 09,Asset 10,Asset 11,Asset 12,Asset 13,Asset 14,Asset 15,Asset 16,Asset 17,Asset 18,Asset 19,Asset 20,100.0,95.0,90.0,85.0,80.0,75.0,70.0,65.0,60.0,55.0,50.0,45.0,40.0,35.0,30.0,25.0,20.0,15.0,10.0,5.0,1050.0,0.0,0.0,0.17142857142857143,TRUE,ok,0.1428571428571429,0.3142857142857143,0.0,950.0,0.18947368421052632,ok,855.0,0.21052631578947367,cash sweep,765.0,0.23529411764705882,cash sweep,ALL CHECKS PASS
R01,random seed 20260930 draw 1,736.56,0.2005,0.2691,0.1814,0.35,,,8,0.75,Asset 01,Asset 02,Asset 03,Asset 04,Asset 05,Asset 06,Asset 07,Asset 08,Asset 09,Asset 10,Asset 11,Asset 12,Asset 13,Asset 14,Asset 15,Asset 16,Asset 17,Asset 18,,,33.79,106.29,154.53,48.7,78.71,101.37,128.21,12.5,170.51,47.5,177.17,30.6,85.69,131.43,245.41,46.58,90.91,18.56,,,1708.46,0.0,0.0,0.43112510682134786,TRUE,breach,0.0,0.0,426.64535599999994,1524.4025,0.4831794752370191,breach,1391.525,0.5293185533856739,breach,1263.6425,0.5828863780697467,breach,ALL CHECKS PASS
R02,random seed 20260930 draw 2,156.53,0.2163,0.3104,0.18,0.5,,,3,0.75,Asset 01,Asset 02,Asset 03,Asset 04,Asset 05,Asset 06,Asset 07,Asset 08,Asset 09,Asset 10,Asset 11,Asset 12,Asset 13,Asset 14,Asset 15,Asset 16,Asset 17,,,,27.75,212.11,22.26,32.71,72.22,22.82,79.21,41.02,111.72,377.8,66.81,111.6,64.0,62.55,27.05,58.93,82.81,,,,1473.3700000000001,0.0,0.0,0.1062394374800627,TRUE,ok,0.5088329288947633,0.6577337710049527,0.0,1190.02,0.1315356044436228,ok,1030.9375,0.15183267656865718,ok,947.1475,0.165264649909333,ok,ALL CHECKS PASS
R03,random seed 20260930 draw 3,46.85,0.2484,0.3099,0.1749,0.2,8,0.7346,,1.0,Asset 01,Asset 02,Asset 03,Asset 04,Asset 05,,,,,,,,,,,,,,,,25.11,146.67,57.4,108.41,7.86,,,,,,,,,,,,,,,,167.89283,116.89999999999998,60.65717000000001,0.2790470563871012,TRUE,cash sweep,0.0,0.09955773995772432,0.0,82.6292772,0.5669903161152183,breach,32.328276800000005,1.449195708445555,breach,9.6879048,4.835926959150135,breach,ALL CHECKS PASS
R04,random seed 20260930 draw 4,78.34,0.0834,0.1623,0.0719,0.2,6,0.4455,9,1.0,Asset 01,Asset 02,Asset 03,Asset 04,Asset 05,Asset 06,Asset 07,Asset 08,Asset 09,Asset 10,Asset 11,Asset 12,Asset 13,Asset 14,Asset 15,Asset 16,Asset 17,Asset 18,,,48.12,70.56,106.75,140.36,48.13,20.33,29.87,57.97,42.34,103.9,17.9,19.21,49.64,27.87,209.85,55.3,37.43,206.34,,,1029.638085,0.0,262.2319150000001,0.076084986697049,TRUE,ok,0.08770999164209847,0.5312077221377142,0.0,878.1799100000001,0.08920723317389485,cash sweep,730.9554400000001,0.10717479577140844,cash sweep,618.7850600000002,0.12660292735574447,cash sweep,ALL CHECKS PASS
R05,random seed 20260930 draw 5,278.15,0.2105,0.2696,0.1268,0.08,7,0.8187,10,0.5,Asset 01,Asset 02,Asset 03,Asset 04,Asset 05,Asset 06,Asset 07,Asset 08,Asset 09,Asset 10,Asset 11,Asset 12,Asset 13,Asset 14,Asset 15,Asset 16,Asset 17,,,,112.59,53.56,20.1,13.98,57.79,30.68,71.72,55.44,59.29,122.25,201.84,88.29,306.86,40.82,85.36,28.05,32.6,,,,1079.6704,301.54960000000005,0.0,0.25762491960509426,TRUE,cash sweep,0.0,0.04441795398703896,0.0,1030.5728,0.26989844870735963,breach,998.2784,0.2786296888723626,breach,951.453,0.2923423437626451,breach,ALL CHECKS PASS
R06,random seed 20260930 draw 6,90.14,0.276,0.3137,0.1836,0.5,,,12,1.0,Asset 01,Asset 02,Asset 03,Asset 04,Asset 05,Asset 06,Asset 07,Asset 08,Asset 09,Asset 10,Asset 11,Asset 12,Asset 13,Asset 14,Asset 15,,,,,,89.01,145.93,64.0,10.53,89.01,13.75,64.84,55.81,38.99,17.7,46.29,60.05,54.48,60.93,16.37,,,,,,827.69,0.0,0.0,0.10890550810085901,TRUE,ok,0.6054148257215253,0.652835485811734,0.0,681.76,0.13221661581788313,ok,592.75,0.1520708561788275,ok,503.74,0.1789415174494779,ok,ALL CHECKS PASS
R07,random seed 20260930 draw 7,378.84,0.1229,0.207,0.066,0.5,,,14,0.75,Asset 01,Asset 02,Asset 03,Asset 04,Asset 05,Asset 06,Asset 07,Asset 08,Asset 09,Asset 10,Asset 11,Asset 12,Asset 13,Asset 14,Asset 15,Asset 16,Asset 17,Asset 18,,,200.69,54.22,179.41,58.59,297.21,534.92,48.6,55.78,21.35,13.19,38.23,111.97,122.06,21.11,34.38,80.5,28.35,90.38,,,1990.9399999999998,0.0,0.0,0.19028197735742916,TRUE,cash sweep,0.0,0.08076339440855473,0.0,1589.75,0.23830161975153324,breach,1366.8425,0.2771643404415651,breach,1216.325,0.3114628080488356,breach,ALL CHECKS PASS
R08,random seed 20260930 draw 8,92.61,0.2033,0.2867,0.1082,1.0,,,,0.5,Asset 01,Asset 02,Asset 03,Asset 04,Asset 05,Asset 06,Asset 07,Asset 08,,,,,,,,,,,,,63.19,64.68,33.45,90.07,121.89,83.63,100.52,121.76,,,,,,,,,,,,,679.19,0.0,0.0,0.13635359766781016,TRUE,ok,0.329298585008312,0.5244032170637943,0.0,618.245,0.14979498418911597,ok,557.365,0.16615682721376476,ok,507.105,0.18262490016860414,ok,ALL CHECKS PASS
R09,random seed 20260930 draw 9,126.07,0.2082,0.2861,0.1903,0.25,3,0.8094,9,1.0,Asset 01,Asset 02,Asset 03,Asset 04,Asset 05,Asset 06,Asset 07,Asset 08,Asset 09,Asset 10,Asset 11,Asset 12,Asset 13,Asset 14,Asset 15,Asset 16,Asset 17,Asset 18,,,12.46,27.01,13.51,12.46,24.27,69.45,62.6,43.89,19.8,76.76,66.9,32.92,122.6,44.51,20.28,32.09,35.2,43.65,,,760.36,0.0,0.0,0.16580304066494816,TRUE,ok,0.20363573167652171,0.42047172084953455,0.0,637.76,0.19767624184646262,ok,561.0,0.22472370766488411,cash sweep,491.55,0.2564744176584274,cash sweep,ALL CHECKS PASS
R10,random seed 20260930 draw 10,35.87,0.0938,0.1653,0.0861,1.0,,,,0.5,Asset 01,Asset 02,Asset 03,Asset 04,Asset 05,Asset 06,Asset 07,Asset 08,Asset 09,,,,,,,,,,,,144.17,38.94,14.12,30.47,17.66,38.35,39.84,42.3,55.45,,,,,,,,,,,,421.3,0.0,0.0,0.08514122952765249,TRUE,ok,0.09231098584592212,0.4849290409700393,0.0,349.215,0.10271609180590753,cash sweep,321.49,0.11157423248001493,cash sweep,300.34,0.11943131118066191,cash sweep,ALL CHECKS PASS
R11,random seed 20260930 draw 11,254.5,0.0961,0.171,0.0598,0.5,,,6,0.75,Asset 01,Asset 02,Asset 03,Asset 04,Asset 05,Asset 06,Asset 07,Asset 08,Asset 09,Asset 10,Asset 11,,,,,,,,,,24.81,47.36,76.22,16.52,63.74,157.96,52.91,55.04,138.63,101.42,35.2,,,,,,,,,,769.81,0.0,0.0,0.330601057403775,TRUE,breach,0.0,0.0,208.465362,651.34,0.39073295053274787,breach,547.3675,0.46495270544926404,breach,471.3025,0.5399928920385527,breach,ALL CHECKS PASS
R12,random seed 20260930 draw 12,328.54,0.1509,0.2386,0.0818,0.15,1,0.4656,4,0.3,Asset 01,Asset 02,Asset 03,Asset 04,Asset 05,Asset 06,Asset 07,Asset 08,Asset 09,Asset 10,Asset 11,Asset 12,Asset 13,Asset 14,,,,,,,48.08,47.61,401.88,102.23,51.78,48.08,38.59,47.02,12.18,47.69,307.36,344.65,108.6,94.58,,,,,,,1411.5884999999998,288.7415000000001,0.0,0.23274488280401834,TRUE,cash sweep,0.0,0.024539468549797383,0.0,1357.3346999999999,0.24204788988301856,breach,1310.80695,0.25063950111036565,breach,1269.31335,0.25883285636285164,breach,ALL CHECKS PASS
R13,random seed 20260930 draw 13,115.76,0.2298,0.2787,0.1714,0.08,1,0.3065,11,0.3,Asset 01,Asset 02,Asset 03,Asset 04,Asset 05,Asset 06,Asset 07,Asset 08,Asset 09,Asset 10,,,,,,,,,,,30.04,30.43,49.58,23.03,55.37,56.02,35.19,34.76,197.1,52.98,,,,,,,,,,,379.25,185.25,0.0,0.3052340145023072,FALSE,breach,0.0,0.0,50.756550000000004,355.598,0.32553613912339213,breach,348.87559999999996,0.33180881666702977,breach,342.2312,0.3382508666655758,breach,ALL CHECKS PASS
R14,random seed 20260930 draw 14,111.38,0.1316,0.1858,0.0641,0.35,,,,0.5,Asset 01,Asset 02,Asset 03,Asset 04,Asset 05,Asset 06,Asset 07,Asset 08,Asset 09,,,,,,,,,,,,56.14,158.74,168.79,88.86,169.12,18.4,12.66,95.39,30.36,,,,,,,,,,,,798.46,0.0,0.0,0.1394935250356937,TRUE,cash sweep,0.0,0.24922752940961412,0.0,713.9,0.15601624877433815,cash sweep,629.505,0.1769326693195447,cash sweep,550.135,0.20245939632999171,breach,ALL CHECKS PASS
R15,random seed 20260930 draw 15,279.17,0.1262,0.1918,0.1217,0.5,1,0.3483,,0.5,Asset 01,Asset 02,Asset 03,Asset 04,Asset 05,Asset 06,Asset 07,Asset 08,Asset 09,Asset 10,Asset 11,Asset 12,Asset 13,Asset 14,,,,,,,107.15,29.05,184.48,109.22,37.57,83.6,128.08,54.24,12.46,30.58,45.29,52.08,229.05,24.97,,,,,,,1127.82,0.0,0.0,0.24753063432107963,TRUE,breach,0.0,0.0,141.914306,1013.295,0.27550713267113724,breach,921.0550000000001,0.30309807774780007,breach,857.015,0.32574692391615084,breach,ALL CHECKS PASS
R16,random seed 20260930 draw 16,43.79,0.2082,0.2254,0.1216,0.1,5,0.3804,,0.3,Asset 01,Asset 02,Asset 03,Asset 04,Asset 05,Asset 06,Asset 07,Asset 08,Asset 09,Asset 10,Asset 11,Asset 12,,,,,,,,,51.49,58.69,163.37,26.79,35.8,121.76,87.15,89.95,123.28,13.96,16.3,32.19,,,,,,,,,480.8005340000001,175.14499999999998,164.78446599999995,0.0910772698933816,TRUE,ok,0.562549135958782,0.5959304796211997,0.0,471.47864180000005,0.09287801422524586,ok,464.444285,0.09428472136329549,ok,457.4966594,0.09571654590315463,ok,ALL CHECKS PASS
R17,random seed 20260930 draw 17,46.94,0.2144,0.2652,0.1485,0.5,5,0.8307,,1.0,Asset 01,Asset 02,Asset 03,Asset 04,Asset 05,Asset 06,Asset 07,Asset 08,Asset 09,Asset 10,Asset 11,Asset 12,Asset 13,Asset 14,Asset 15,,,,,,58.99,74.02,132.48,60.44,25.01,101.49,104.28,66.57,45.49,104.92,65.19,106.59,31.37,38.43,79.93,,,,,,1095.2,0.0,0.0,0.04285975164353542,TRUE,ok,0.8000944419611221,0.8383870601676643,0.0,962.72,0.0487576865547615,ok,856.13,0.0548281218973754,ok,751.21,0.062485856152074644,ok,ALL CHECKS PASS
R18,random seed 20260930 draw 18,420.59,0.2065,0.3001,0.1682,0.15,,,6,1.0,Asset 01,Asset 02,Asset 03,Asset 04,Asset 05,Asset 06,Asset 07,Asset 08,Asset 09,Asset 10,Asset 11,Asset 12,Asset 13,,,,,,,,51.24,113.42,105.65,36.61,58.27,73.08,31.99,34.2,236.18,15.28,52.34,75.07,67.91,,,,,,,,857.746,93.49400000000003,0.0,0.490343295101347,TRUE,breach,0.0,0.0,276.3171228,708.899,0.5933003149955071,breach,586.236,0.717441439966157,breach,495.31850000000003,0.8491304080101993,breach,ALL CHECKS PASS
R19,random seed 20260930 draw 19,138.85,0.0959,0.129,0.063,1.0,4,0.8544,5,0.3,Asset 01,Asset 02,Asset 03,Asset 04,Asset 05,Asset 06,Asset 07,,,,,,,,,,,,,,66.36,47.27,20.01,89.17,41.31,65.95,99.52,,,,,,,,,,,,,,429.59000000000003,0.0,0.0,0.3232151586396331,TRUE,breach,0.0,0.0,111.78582999999999,399.734,0.34735599173450343,breach,372.983,0.37226897740647696,breach,353.075,0.3932592225447851,breach,ALL CHECKS PASS
R20,random seed 20260930 draw 20,66.62,0.1635,0.2035,0.0635,0.15,7,0.518,10,0.3,Asset 01,Asset 02,Asset 03,Asset 04,Asset 05,Asset 06,Asset 07,Asset 08,Asset 09,,,,,,,,,,,,37.95,112.22,126.01,86.34,100.24,66.21,191.37,31.15,163.62,,,,,,,,,,,,501.45025400000003,80.457,333.202746,0.1328546540131975,FALSE,cash sweep,0.18743330878778297,0.3471515773307249,0.0,492.5285845999999,0.1352611850012817,cash sweep,478.95605220000004,0.13909418138468613,cash sweep,458.880755,0.14517932877790876,cash sweep,ALL CHECKS PASS
R21,random seed 20260930 draw 21,63.59,0.1932,0.2418,0.122,0.08,2,0.5977,,0.3,Asset 01,Asset 02,Asset 03,Asset 04,Asset 05,Asset 06,Asset 07,Asset 08,Asset 09,Asset 10,Asset 11,Asset 12,,,,,,,,,44.73,51.82,98.54,69.13,6.87,45.67,17.24,27.71,15.33,54.81,172.26,136.06,,,,,,,,,501.0344,239.13559999999995,0.0,0.12691743321416654,TRUE,ok,0.343077467835577,0.47511400655845104,0.0,484.49744,0.1312494035056202,ok,468.43352,0.13575031949037294,ok,454.24376,0.13999091589062226,ok,ALL CHECKS PASS
R22,random seed 20260930 draw 22,61.99,0.1648,0.2442,0.1427,0.15,,,10,1.0,Asset 01,Asset 02,Asset 03,Asset 04,,,,,,,,,,,,,,,,,50.54,53.48,85.05,74.75,,,,,,,,,,,,,,,,,158.292,105.52799999999999,0.0,0.3916180223890026,FALSE,breach,0.0,0.0,39.401731600000005,80.44649999999999,0.7705742325644995,breach,31.205999999999996,1.9864769595590595,breach,7.5809999999999995,8.177021501121224,breach,ALL CHECKS PASS
R23,random seed 20260930 draw 23,629.45,0.1667,0.2562,0.1234,0.35,,,,1.0,Asset 01,Asset 02,Asset 03,Asset 04,Asset 05,Asset 06,Asset 07,Asset 08,Asset 09,Asset 10,,,,,,,,,,,148.07,63.45,89.41,21.49,72.11,246.13,148.75,148.07,74.98,282.21,,,,,,,,,,,1294.67,0.0,0.0,0.486185668934941,TRUE,breach,0.0,0.0,469.687722,1012.46,0.6217035734745077,breach,766.33,0.8213824331554291,breach,617.58,1.0192201820007125,breach,ALL CHECKS PASS
R24,random seed 20260930 draw 24,96.43,0.2223,0.3006,0.1962,0.5,,,4,0.5,Asset 01,Asset 02,Asset 03,Asset 04,Asset 05,Asset 06,Asset 07,Asset 08,Asset 09,Asset 10,Asset 11,Asset 12,Asset 13,,,,,,,,22.54,63.64,138.66,43.83,53.35,16.91,78.7,128.07,44.98,16.44,90.01,76.01,173.98,,,,,,,,947.12,0.0,0.0,0.10181392009460259,TRUE,ok,0.5419976603931507,0.6612976710093061,0.0,860.13,0.11211095997116716,ok,790.8,0.12193980778958019,ok,726.765,0.13268387993367872,ok,ALL CHECKS PASS
R25,random seed 20260930 draw 25,12.68,0.2012,0.2497,0.1591,0.35,3,0.6327,,0.5,Asset 01,Asset 02,Asset 03,Asset 04,Asset 05,Asset 06,Asset 07,Asset 08,,,,,,,,,,,,,19.3,33.69,94.51,63.82,50.12,9.04,63.29,40.96,,,,,,,,,,,,,374.73,0.0,0.0,0.03383769647479518,TRUE,ok,0.8318205940616541,0.8644865980184414,0.0,327.475,0.03872051301626078,ok,295.565,0.042900884746164124,ok,263.92,0.048044862079418,ok,ALL CHECKS PASS
R26,random seed 20260930 draw 26,106.86,0.1555,0.2299,0.1105,0.5,,,,0.3,Asset 01,Asset 02,Asset 03,Asset 04,Asset 05,Asset 06,Asset 07,Asset 08,Asset 09,Asset 10,Asset 11,Asset 12,Asset 13,,,,,,,,72.73,73.4,30.83,30.24,108.77,19.81,30.68,53.21,90.12,107.5,31.36,6.86,106.47,,,,,,,,761.98,0.0,0.0,0.14023990130974565,TRUE,ok,0.09813568289552632,0.3899960795574352,0.0,729.349,0.1465142202155621,ok,697.099,0.1532924304869179,ok,665.158,0.16065355900402611,cash sweep,ALL CHECKS PASS
R27,random seed 20260930 draw 27,95.55,0.0634,0.1603,0.0606,0.1,5,0.8075,10,0.75,Asset 01,Asset 02,Asset 03,Asset 04,Asset 05,Asset 06,Asset 07,Asset 08,Asset 09,Asset 10,Asset 11,Asset 12,Asset 13,Asset 14,,,,,,,62.32,39.54,95.42,4.69,45.59,11.39,35.95,35.02,18.52,138.88,30.45,19.64,31.77,63.52,,,,,,,524.69,108.00999999999999,0.0,0.18210753016066628,TRUE,breach,0.0,0.0,63.75378599999999,465.842,0.20511246302394373,breach,422.53000000000003,0.22613778903273138,breach,383.29200000000003,0.24928774928774927,breach,ALL CHECKS PASS
R28,random seed 20260930 draw 28,65.81,0.2301,0.3084,0.1605,0.2,,,8,1.0,Asset 01,Asset 02,Asset 03,Asset 04,Asset 05,Asset 06,Asset 07,Asset 08,Asset 09,Asset 10,Asset 11,Asset 12,,,,,,,,,18.08,55.75,33.6,28.85,50.83,16.38,80.57,49.2,47.1,63.31,48.51,129.88,,,,,,,,,616.592,5.467999999999961,0.0,0.10673184212574928,TRUE,ok,0.5361501863287732,0.6539175028347948,0.0,492.18,0.1337112438538746,ok,411.61,0.1598843565511042,ok,348.3,0.188946310651737,ok,ALL CHECKS PASS
R29,random seed 20260930 draw 29,96.49,0.2538,0.3272,0.1631,0.2,8,0.8938,,0.5,Asset 01,Asset 02,Asset 03,Asset 04,Asset 05,Asset 06,Asset 07,Asset 08,Asset 09,,,,,,,,,,,,18.07,61.87,24.63,120.74,54.66,55.89,31.49,28.03,65.77,,,,,,,,,,,,404.763632,28.50999999999999,27.876368000000014,0.23838604156017654,TRUE,ok,0.060732696768413974,0.27143630330019386,0.0,376.28716399999996,0.2564264987790017,cash sweep,346.894551,0.27815369172518367,cash sweep,319.244848,0.30224450168730677,cash sweep,ALL CHECKS PASS
R30,random seed 20260930 draw 30,425.8,0.1518,0.2099,0.0976,0.35,,,,1.0,Asset 01,Asset 02,Asset 03,Asset 04,Asset 05,Asset 06,Asset 07,Asset 08,Asset 09,Asset 10,Asset 11,Asset 12,Asset 13,Asset 14,Asset 15,Asset 16,Asset 17,Asset 18,Asset 19,,32.9,18.55,14.1,147.09,120.53,65.88,29.24,121.8,31.63,45.46,43.4,33.14,33.0,279.9,58.01,35.5,28.59,18.61,17.4,,1174.73,0.0,0.0,0.3624662688447558,TRUE,breach,0.0,0.0,311.146352,894.83,0.47584457382966594,breach,747.74,0.5694492738117528,breach,625.9399999999999,0.6802568936319776,breach,ALL CHECKS PASS
R31,random seed 20260930 draw 31,468.69,0.2718,0.3039,0.198,0.35,,,,0.75,Asset 01,Asset 02,Asset 03,Asset 04,Asset 05,Asset 06,Asset 07,Asset 08,Asset 09,Asset 10,Asset 11,Asset 12,Asset 13,Asset 14,,,,,,,33.48,72.96,16.39,54.75,180.76,125.04,75.43,88.05,32.37,37.69,15.11,70.09,110.99,64.46,,,,,,,977.5699999999999,0.0,0.0,0.4794439272890944,TRUE,breach,0.0,0.0,275.13113999999996,842.0,0.5566389548693587,breach,748.22,0.6264066718344872,breach,664.9775,0.7048208398028505,breach,ALL CHECKS PASS
R32,random seed 20260930 draw 32,81.53,0.1575,0.2147,0.0778,0.15,1,0.6455,,1.0,Asset 01,Asset 02,Asset 03,Asset 04,Asset 05,Asset 06,Asset 07,Asset 08,Asset 09,Asset 10,Asset 11,Asset 12,Asset 13,Asset 14,Asset 15,Asset 16,Asset 17,Asset 18,Asset 19,,51.63,46.28,57.26,28.03,150.59,288.63,202.05,233.14,36.46,29.16,208.01,191.6,112.86,65.72,14.62,27.37,110.56,50.58,23.91,,1928.46,0.0,0.0,0.04227725750080375,TRUE,ok,0.7315729682488651,0.803086830457365,0.0,1639.83,0.049718568388186585,ok,1406.69,0.05795875423867376,ok,1164.634,0.07000482555034457,ok,ALL CHECKS PASS
R33,random seed 20260930 draw 33,108.18,0.1807,0.2159,0.0965,1.0,6,0.7086,4,1.0,Asset 01,Asset 02,Asset 03,Asset 04,Asset 05,Asset 06,,,,,,,,,,,,,,,228.99,36.68,68.02,146.34,36.63,74.27,,,,,,,,,,,,,,,418.73299800000007,0.0,172.197002,0.25835078801217376,TRUE,breach,0.0,0.0,67.77226569300001,256.470684,0.42180259479481097,breach,152.77416,0.7081040406309549,breach,100.14643799999999,1.0802181501452903,breach,ALL CHECKS PASS
R34,random seed 20260930 draw 34,145.37,0.1584,0.2029,0.0769,0.15,,,7,1.0,Asset 01,Asset 02,Asset 03,Asset 04,Asset 05,Asset 06,Asset 07,Asset 08,,,,,,,,,,,,,68.48,25.54,18.7,43.38,80.81,61.69,87.66,87.81,,,,,,,,,,,,,431.1215,42.94849999999997,0.0,0.33719032801658,TRUE,breach,0.0,0.0,112.21675665000001,319.376,0.45516882921697316,breach,221.99,0.654849317536826,breach,142.2455,1.0219655454829855,breach,ALL CHECKS PASS
R35,random seed 20260930 draw 35,325.18,0.1933,0.2921,0.0968,0.35,,,3,0.75,Asset 01,Asset 02,Asset 03,Asset 04,Asset 05,Asset 06,Asset 07,Asset 08,Asset 09,Asset 10,Asset 11,Asset 12,Asset 13,,,,,,,,49.68,50.06,19.92,198.29,65.02,13.4,85.83,64.61,41.67,109.84,167.35,66.7,24.64,,,,,,,,957.01,0.0,0.0,0.33978746303591395,TRUE,breach,0.0,0.0,232.54143200000001,808.2925,0.4023048586990477,breach,682.78,0.47625882421863563,breach,600.4,0.5416055962691539,breach,ALL CHECKS PASS
R36,random seed 20260930 draw 36,254.54,0.2549,0.2703,0.1626,1.0,5,0.5412,7,0.5,Asset 01,Asset 02,Asset 03,Asset 04,Asset 05,Asset 06,Asset 07,Asset 08,Asset 09,Asset 10,Asset 11,Asset 12,Asset 13,Asset 14,Asset 15,Asset 16,Asset 17,,,,54.25,51.26,227.23,81.55,57.9,62.49,78.26,90.36,180.08,72.94,69.88,54.25,71.66,92.05,38.1,61.58,44.81,,,,1388.65,0.0,0.0,0.18330032765635687,TRUE,ok,0.2808931829880076,0.32186338269938264,0.0,1275.035,0.19963373554451444,ok,1184.995,0.21480259410377261,ok,1138.97,0.22348262026216667,ok,ALL CHECKS PASS
