case_id,field,actual,macro_pass
S01,eligible_nav,960.0,TRUE
S01,excluded_single_cap,40.0,TRUE
S01,excluded_top_n,0.0,TRUE
S01,ltv,0.15625,TRUE
S01,diversified,TRUE,TRUE
S01,status,ok,TRUE
S01,drawdown_to_sweep,0.21875,TRUE
S01,drawdown_to_breach,0.375,TRUE
S01,cure_to_target,0.0,TRUE
S01,k1_eligible_nav,760.0,TRUE
S01,k1_ltv,0.197368421052632,TRUE
S01,k1_status,ok,TRUE
S01,k2_eligible_nav,610.0,TRUE
S01,k2_ltv,0.245901639344262,TRUE
S01,k2_status,cash sweep,TRUE
S01,k3_eligible_nav,488.0,TRUE
S01,k3_ltv,0.307377049180328,TRUE
S01,k3_status,breach,TRUE
S01,checks_overall,ALL CHECKS PASS,TRUE
S02,eligible_nav,876.0,TRUE
S02,excluded_single_cap,40.0,TRUE
S02,excluded_top_n,84.0,TRUE
S02,ltv,0.171232876712329,TRUE
S02,diversified,TRUE,TRUE
S02,status,ok,TRUE
S02,drawdown_to_sweep,0.143835616438356,TRUE
S02,drawdown_to_breach,0.315068493150685,TRUE
S02,cure_to_target,0.0,TRUE
S02,k1_eligible_nav,676.0,TRUE
S02,k1_ltv,0.22189349112426,TRUE
S02,k1_status,cash sweep,TRUE
S02,k2_eligible_nav,516.0,TRUE
S02,k2_ltv,0.290697674418605,TRUE
S02,k2_status,breach,TRUE
S02,k3_eligible_nav,382.8,TRUE
S02,k3_ltv,0.391849529780564,TRUE
S02,k3_status,breach,TRUE
S02,checks_overall,ALL CHECKS PASS,TRUE
E01,eligible_nav,800.0,TRUE
E01,excluded_single_cap,0.0,TRUE
E01,excluded_top_n,0.0,TRUE
E01,ltv,0.25,TRUE
E01,diversified,TRUE,TRUE
E01,status,breach,TRUE
E01,drawdown_to_sweep,0.0,TRUE
E01,drawdown_to_breach,0.0,TRUE
E01,cure_to_target,80.0,TRUE
E01,k1_eligible_nav,720.0,TRUE
E01,k1_ltv,0.277777777777778,TRUE
E01,k1_status,breach,TRUE
E01,k2_eligible_nav,640.0,TRUE
E01,k2_ltv,0.3125,TRUE
E01,k2_status,breach,TRUE
E01,k3_eligible_nav,560.0,TRUE
E01,k3_ltv,0.357142857142857,TRUE
E01,k3_status,breach,TRUE
E01,checks_overall,ALL CHECKS PASS,TRUE
E02,eligible_nav,800.0,TRUE
E02,excluded_single_cap,0.0,TRUE
E02,excluded_top_n,0.0,TRUE
E02,ltv,0.2,TRUE
E02,diversified,TRUE,TRUE
E02,status,cash sweep,TRUE
E02,drawdown_to_sweep,0.0,TRUE
E02,drawdown_to_breach,0.2,TRUE
E02,cure_to_target,0.0,TRUE
E02,k1_eligible_nav,720.0,TRUE
E02,k1_ltv,0.222222222222222,TRUE
E02,k1_status,cash sweep,TRUE
E02,k2_eligible_nav,640.0,TRUE
E02,k2_ltv,0.25,TRUE
E02,k2_status,breach,TRUE
E02,k3_eligible_nav,560.0,TRUE
E02,k3_ltv,0.285714285714286,TRUE
E02,k3_status,breach,TRUE
E02,checks_overall,ALL CHECKS PASS,TRUE
E03,eligible_nav,800.0,TRUE
E03,excluded_single_cap,0.0,TRUE
E03,excluded_top_n,0.0,TRUE
E03,ltv,0.0,TRUE
E03,diversified,TRUE,TRUE
E03,status,ok,TRUE
E03,drawdown_to_sweep,1.0,TRUE
E03,drawdown_to_breach,1.0,TRUE
E03,cure_to_target,0.0,TRUE
E03,k1_eligible_nav,720.0,TRUE
E03,k1_ltv,0.0,TRUE
E03,k1_status,ok,TRUE
E03,k2_eligible_nav,640.0,TRUE
E03,k2_ltv,0.0,TRUE
E03,k2_status,ok,TRUE
E03,k3_eligible_nav,560.0,TRUE
E03,k3_ltv,0.0,TRUE
E03,k3_status,ok,TRUE
E03,checks_overall,ALL CHECKS PASS,TRUE
E04,eligible_nav,550.4,TRUE
E04,excluded_single_cap,204.0,TRUE
E04,excluded_top_n,125.6,TRUE
E04,ltv,0.218023255813953,TRUE
E04,diversified,TRUE,TRUE
E04,status,cash sweep,TRUE
E04,drawdown_to_sweep,0.0,TRUE
E04,drawdown_to_breach,0.127906976744186,TRUE
E04,cure_to_target,0.0,TRUE
E04,k1_eligible_nav,383.6,TRUE
E04,k1_ltv,0.312825860271116,TRUE
E04,k1_status,breach,TRUE
E04,k2_eligible_nav,226.4,TRUE
E04,k2_ltv,0.530035335689046,TRUE
E04,k2_status,breach,TRUE
E04,k3_eligible_nav,106.4,TRUE
E04,k3_ltv,1.12781954887218,TRUE
E04,k3_status,breach,TRUE
E04,checks_overall,ALL CHECKS PASS,TRUE
E05,eligible_nav,800.0,TRUE
E05,excluded_single_cap,0.0,TRUE
E05,excluded_top_n,0.0,TRUE
E05,ltv,0.075,TRUE
E05,diversified,FALSE,TRUE
E05,status,cash sweep,TRUE
E05,drawdown_to_sweep,0.625,TRUE
E05,drawdown_to_breach,0.7,TRUE
E05,cure_to_target,0.0,TRUE
E05,k1_eligible_nav,720.0,TRUE
E05,k1_ltv,0.0833333333333333,TRUE
E05,k1_status,cash sweep,TRUE
E05,k2_eligible_nav,640.0,TRUE
E05,k2_ltv,0.09375,TRUE
E05,k2_status,cash sweep,TRUE
E05,k3_eligible_nav,560.0,TRUE
E05,k3_ltv,0.107142857142857,TRUE
E05,k3_status,cash sweep,TRUE
E05,checks_overall,ALL CHECKS PASS,TRUE
E06,eligible_nav,800.0,TRUE
E06,excluded_single_cap,0.0,TRUE
E06,excluded_top_n,0.0,TRUE
E06,ltv,0.325,TRUE
E06,diversified,TRUE,TRUE
E06,status,breach,TRUE
E06,drawdown_to_sweep,0.0,TRUE
E06,drawdown_to_breach,0.0,TRUE
E06,cure_to_target,140.0,TRUE
E06,k1_eligible_nav,720.0,TRUE
E06,k1_ltv,0.361111111111111,TRUE
E06,k1_status,breach,TRUE
E06,k2_eligible_nav,640.0,TRUE
E06,k2_ltv,0.40625,TRUE
E06,k2_status,breach,TRUE
E06,k3_eligible_nav,560.0,TRUE
E06,k3_ltv,0.464285714285714,TRUE
E06,k3_status,breach,TRUE
E06,checks_overall,ALL CHECKS PASS,TRUE
E07,eligible_nav,390.8,TRUE
E07,excluded_single_cap,349.2,TRUE
E07,excluded_top_n,0.0,TRUE
E07,ltv,0.230296827021494,TRUE
E07,diversified,TRUE,TRUE
E07,status,cash sweep,TRUE
E07,drawdown_to_sweep,0.0,TRUE
E07,drawdown_to_breach,0.0788126919140225,TRUE
E07,cure_to_target,0.0,TRUE
E07,k1_eligible_nav,292.4,TRUE
E07,k1_ltv,0.307797537619699,TRUE
E07,k1_status,breach,TRUE
E07,k2_eligible_nav,219.2,TRUE
E07,k2_ltv,0.410583941605839,TRUE
E07,k2_status,breach,TRUE
E07,k3_eligible_nav,158.0,TRUE
E07,k3_ltv,0.569620253164557,TRUE
E07,k3_status,breach,TRUE
E07,checks_overall,ALL CHECKS PASS,TRUE
E08,eligible_nav,425.0,TRUE
E08,excluded_single_cap,0.0,TRUE
E08,excluded_top_n,325.0,TRUE
E08,ltv,0.258823529411765,TRUE
E08,diversified,TRUE,TRUE
E08,status,breach,TRUE
E08,drawdown_to_sweep,0.0,TRUE
E08,drawdown_to_breach,0.0,TRUE
E08,cure_to_target,46.25,TRUE
E08,k1_eligible_nav,267.5,TRUE
E08,k1_ltv,0.411214953271028,TRUE
E08,k1_status,breach,TRUE
E08,k2_eligible_nav,150.0,TRUE
E08,k2_ltv,0.733333333333333,TRUE
E08,k2_status,breach,TRUE
E08,k3_eligible_nav,92.0,TRUE
E08,k3_ltv,1.19565217391304,TRUE
E08,k3_status,breach,TRUE
E08,checks_overall,ALL CHECKS PASS,TRUE
E09,eligible_nav,852.0,TRUE
E09,excluded_single_cap,58.0,TRUE
E09,excluded_top_n,0.0,TRUE
E09,ltv,0.176056338028169,TRUE
E09,diversified,TRUE,TRUE
E09,status,ok,TRUE
E09,drawdown_to_sweep,0.119718309859155,TRUE
E09,drawdown_to_breach,0.295774647887324,TRUE
E09,cure_to_target,0.0,TRUE
E09,k1_eligible_nav,790.0,TRUE
E09,k1_ltv,0.189873417721519,TRUE
E09,k1_status,ok,TRUE
E09,k2_eligible_nav,715.0,TRUE
E09,k2_ltv,0.20979020979021,TRUE
E09,k2_status,cash sweep,TRUE
E09,k3_eligible_nav,655.0,TRUE
E09,k3_ltv,0.229007633587786,TRUE
E09,k3_status,cash sweep,TRUE
E09,checks_overall,ALL CHECKS PASS,TRUE
E10,eligible_nav,1050.0,TRUE
E10,excluded_single_cap,0.0,TRUE
E10,excluded_top_n,0.0,TRUE
E10,ltv,0.171428571428571,TRUE
E10,diversified,TRUE,TRUE
E10,status,ok,TRUE
E10,drawdown_to_sweep,0.142857142857143,TRUE
E10,drawdown_to_breach,0.314285714285714,TRUE
E10,cure_to_target,0.0,TRUE
E10,k1_eligible_nav,950.0,TRUE
E10,k1_ltv,0.189473684210526,TRUE
E10,k1_status,ok,TRUE
E10,k2_eligible_nav,855.0,TRUE
E10,k2_ltv,0.210526315789474,TRUE
E10,k2_status,cash sweep,TRUE
E10,k3_eligible_nav,765.0,TRUE
E10,k3_ltv,0.235294117647059,TRUE
E10,k3_status,cash sweep,TRUE
E10,checks_overall,ALL CHECKS PASS,TRUE
R01,eligible_nav,1708.46,TRUE
R01,excluded_single_cap,0.0,TRUE
R01,excluded_top_n,0.0,TRUE
R01,ltv,0.431125106821348,TRUE
R01,diversified,TRUE,TRUE
R01,status,breach,TRUE
R01,drawdown_to_sweep,0.0,TRUE
R01,drawdown_to_breach,0.0,TRUE
R01,cure_to_target,426.645356,TRUE
R01,k1_eligible_nav,1524.4025,TRUE
R01,k1_ltv,0.483179475237019,TRUE
R01,k1_status,breach,TRUE
R01,k2_eligible_nav,1391.525,TRUE
R01,k2_ltv,0.529318553385674,TRUE
R01,k2_status,breach,TRUE
R01,k3_eligible_nav,1263.6425,TRUE
R01,k3_ltv,0.582886378069747,TRUE
R01,k3_status,breach,TRUE
R01,checks_overall,ALL CHECKS PASS,TRUE
R02,eligible_nav,1473.37,TRUE
R02,excluded_single_cap,0.0,TRUE
R02,excluded_top_n,0.0,TRUE
R02,ltv,0.106239437480063,TRUE
R02,diversified,TRUE,TRUE
R02,status,ok,TRUE
R02,drawdown_to_sweep,0.508832928894763,TRUE
R02,drawdown_to_breach,0.657733771004953,TRUE
R02,cure_to_target,0.0,TRUE
R02,k1_eligible_nav,1190.02,TRUE
R02,k1_ltv,0.131535604443623,TRUE
R02,k1_status,ok,TRUE
R02,k2_eligible_nav,1030.9375,TRUE
R02,k2_ltv,0.151832676568657,TRUE
R02,k2_status,ok,TRUE
R02,k3_eligible_nav,947.1475,TRUE
R02,k3_ltv,0.165264649909333,TRUE
R02,k3_status,ok,TRUE
R02,checks_overall,ALL CHECKS PASS,TRUE
R03,eligible_nav,167.89283,TRUE
R03,excluded_single_cap,116.9,TRUE
R03,excluded_top_n,60.65717,TRUE
R03,ltv,0.279047056387101,TRUE
R03,diversified,TRUE,TRUE
R03,status,cash sweep,TRUE
R03,drawdown_to_sweep,0.0,TRUE
R03,drawdown_to_breach,0.0995577399577243,TRUE
R03,cure_to_target,0.0,TRUE
R03,k1_eligible_nav,82.6292772,TRUE
R03,k1_ltv,0.566990316115218,TRUE
R03,k1_status,breach,TRUE
R03,k2_eligible_nav,32.3282768,TRUE
R03,k2_ltv,1.44919570844556,TRUE
R03,k2_status,breach,TRUE
R03,k3_eligible_nav,9.6879048,TRUE
R03,k3_ltv,4.83592695915014,TRUE
R03,k3_status,breach,TRUE
R03,checks_overall,ALL CHECKS PASS,TRUE
R04,eligible_nav,1029.638085,TRUE
R04,excluded_single_cap,0.0,TRUE
R04,excluded_top_n,262.231915,TRUE
R04,ltv,0.076084986697049,TRUE
R04,diversified,TRUE,TRUE
R04,status,ok,TRUE
R04,drawdown_to_sweep,0.0877099916420981,TRUE
R04,drawdown_to_breach,0.531207722137714,TRUE
R04,cure_to_target,0.0,TRUE
R04,k1_eligible_nav,878.17991,TRUE
R04,k1_ltv,0.0892072331738949,TRUE
R04,k1_status,cash sweep,TRUE
R04,k2_eligible_nav,730.95544,TRUE
R04,k2_ltv,0.107174795771408,TRUE
R04,k2_status,cash sweep,TRUE
R04,k3_eligible_nav,618.78506,TRUE
R04,k3_ltv,0.126602927355745,TRUE
R04,k3_status,cash sweep,TRUE
R04,checks_overall,ALL CHECKS PASS,TRUE
R05,eligible_nav,1079.6704,TRUE
R05,excluded_single_cap,301.5496,TRUE
R05,excluded_top_n,0.0,TRUE
R05,ltv,0.257624919605094,TRUE
R05,diversified,TRUE,TRUE
R05,status,cash sweep,TRUE
R05,drawdown_to_sweep,0.0,TRUE
R05,drawdown_to_breach,0.044417953987039,TRUE
R05,cure_to_target,0.0,TRUE
R05,k1_eligible_nav,1030.5728,TRUE
R05,k1_ltv,0.26989844870736,TRUE
R05,k1_status,breach,TRUE
R05,k2_eligible_nav,998.2784,TRUE
R05,k2_ltv,0.278629688872363,TRUE
R05,k2_status,breach,TRUE
R05,k3_eligible_nav,951.453,TRUE
R05,k3_ltv,0.292342343762645,TRUE
R05,k3_status,breach,TRUE
R05,checks_overall,ALL CHECKS PASS,TRUE
R06,eligible_nav,827.69,TRUE
R06,excluded_single_cap,0.0,TRUE
R06,excluded_top_n,0.0,TRUE
R06,ltv,0.108905508100859,TRUE
R06,diversified,TRUE,TRUE
R06,status,ok,TRUE
R06,drawdown_to_sweep,0.605414825721525,TRUE
R06,drawdown_to_breach,0.652835485811734,TRUE
R06,cure_to_target,0.0,TRUE
R06,k1_eligible_nav,681.76,TRUE
R06,k1_ltv,0.132216615817883,TRUE
R06,k1_status,ok,TRUE
R06,k2_eligible_nav,592.75,TRUE
R06,k2_ltv,0.152070856178828,TRUE
R06,k2_status,ok,TRUE
R06,k3_eligible_nav,503.74,TRUE
R06,k3_ltv,0.178941517449478,TRUE
R06,k3_status,ok,TRUE
R06,checks_overall,ALL CHECKS PASS,TRUE
R07,eligible_nav,1990.94,TRUE
R07,excluded_single_cap,0.0,TRUE
R07,excluded_top_n,0.0,TRUE
R07,ltv,0.190281977357429,TRUE
R07,diversified,TRUE,TRUE
R07,status,cash sweep,TRUE
R07,drawdown_to_sweep,0.0,TRUE
R07,drawdown_to_breach,0.0807633944085548,TRUE
R07,cure_to_target,0.0,TRUE
R07,k1_eligible_nav,1589.75,TRUE
R07,k1_ltv,0.238301619751533,TRUE
R07,k1_status,breach,TRUE
R07,k2_eligible_nav,1366.8425,TRUE
R07,k2_ltv,0.277164340441565,TRUE
R07,k2_status,breach,TRUE
R07,k3_eligible_nav,1216.325,TRUE
R07,k3_ltv,0.311462808048836,TRUE
R07,k3_status,breach,TRUE
R07,checks_overall,ALL CHECKS PASS,TRUE
R08,eligible_nav,679.19,TRUE
R08,excluded_single_cap,0.0,TRUE
R08,excluded_top_n,0.0,TRUE
R08,ltv,0.13635359766781,TRUE
R08,diversified,TRUE,TRUE
R08,status,ok,TRUE
R08,drawdown_to_sweep,0.329298585008312,TRUE
R08,drawdown_to_breach,0.524403217063794,TRUE
R08,cure_to_target,0.0,TRUE
R08,k1_eligible_nav,618.245,TRUE
R08,k1_ltv,0.149794984189116,TRUE
R08,k1_status,ok,TRUE
R08,k2_eligible_nav,557.365,TRUE
R08,k2_ltv,0.166156827213765,TRUE
R08,k2_status,ok,TRUE
R08,k3_eligible_nav,507.105,TRUE
R08,k3_ltv,0.182624900168604,TRUE
R08,k3_status,ok,TRUE
R08,checks_overall,ALL CHECKS PASS,TRUE
R09,eligible_nav,760.36,TRUE
R09,excluded_single_cap,0.0,TRUE
R09,excluded_top_n,0.0,TRUE
R09,ltv,0.165803040664948,TRUE
R09,diversified,TRUE,TRUE
R09,status,ok,TRUE
R09,drawdown_to_sweep,0.203635731676522,TRUE
R09,drawdown_to_breach,0.420471720849535,TRUE
R09,cure_to_target,0.0,TRUE
R09,k1_eligible_nav,637.76,TRUE
R09,k1_ltv,0.197676241846463,TRUE
R09,k1_status,ok,TRUE
R09,k2_eligible_nav,561.0,TRUE
R09,k2_ltv,0.224723707664884,TRUE
R09,k2_status,cash sweep,TRUE
R09,k3_eligible_nav,491.55,TRUE
R09,k3_ltv,0.256474417658427,TRUE
R09,k3_status,cash sweep,TRUE
R09,checks_overall,ALL CHECKS PASS,TRUE
R10,eligible_nav,421.3,TRUE
R10,excluded_single_cap,0.0,TRUE
R10,excluded_top_n,0.0,TRUE
R10,ltv,0.0851412295276525,TRUE
R10,diversified,TRUE,TRUE
R10,status,ok,TRUE
R10,drawdown_to_sweep,0.0923109858459221,TRUE
R10,drawdown_to_breach,0.484929040970039,TRUE
R10,cure_to_target,0.0,TRUE
R10,k1_eligible_nav,349.215,TRUE
R10,k1_ltv,0.102716091805908,TRUE
R10,k1_status,cash sweep,TRUE
R10,k2_eligible_nav,321.49,TRUE
R10,k2_ltv,0.111574232480015,TRUE
R10,k2_status,cash sweep,TRUE
R10,k3_eligible_nav,300.34,TRUE
R10,k3_ltv,0.119431311180662,TRUE
R10,k3_status,cash sweep,TRUE
R10,checks_overall,ALL CHECKS PASS,TRUE
R11,eligible_nav,769.81,TRUE
R11,excluded_single_cap,0.0,TRUE
R11,excluded_top_n,0.0,TRUE
R11,ltv,0.330601057403775,TRUE
R11,diversified,TRUE,TRUE
R11,status,breach,TRUE
R11,drawdown_to_sweep,0.0,TRUE
R11,drawdown_to_breach,0.0,TRUE
R11,cure_to_target,208.465362,TRUE
R11,k1_eligible_nav,651.34,TRUE
R11,k1_ltv,0.390732950532748,TRUE
R11,k1_status,breach,TRUE
R11,k2_eligible_nav,547.3675,TRUE
R11,k2_ltv,0.464952705449264,TRUE
R11,k2_status,breach,TRUE
R11,k3_eligible_nav,471.3025,TRUE
R11,k3_ltv,0.539992892038553,TRUE
R11,k3_status,breach,TRUE
R11,checks_overall,ALL CHECKS PASS,TRUE
R12,eligible_nav,1411.5885,TRUE
R12,excluded_single_cap,288.7415,TRUE
R12,excluded_top_n,0.0,TRUE
R12,ltv,0.232744882804018,TRUE
R12,diversified,TRUE,TRUE
R12,status,cash sweep,TRUE
R12,drawdown_to_sweep,0.0,TRUE
R12,drawdown_to_breach,0.0245394685497974,TRUE
R12,cure_to_target,0.0,TRUE
R12,k1_eligible_nav,1357.3347,TRUE
R12,k1_ltv,0.242047889883019,TRUE
R12,k1_status,breach,TRUE
R12,k2_eligible_nav,1310.80695,TRUE
R12,k2_ltv,0.250639501110366,TRUE
R12,k2_status,breach,TRUE
R12,k3_eligible_nav,1269.31335,TRUE
R12,k3_ltv,0.258832856362852,TRUE
R12,k3_status,breach,TRUE
R12,checks_overall,ALL CHECKS PASS,TRUE
R13,eligible_nav,379.25,TRUE
R13,excluded_single_cap,185.25,TRUE
R13,excluded_top_n,0.0,TRUE
R13,ltv,0.305234014502307,TRUE
R13,diversified,FALSE,TRUE
R13,status,breach,TRUE
R13,drawdown_to_sweep,0.0,TRUE
R13,drawdown_to_breach,0.0,TRUE
R13,cure_to_target,50.75655,TRUE
R13,k1_eligible_nav,355.598,TRUE
R13,k1_ltv,0.325536139123392,TRUE
R13,k1_status,breach,TRUE
R13,k2_eligible_nav,348.8756,TRUE
R13,k2_ltv,0.33180881666703,TRUE
R13,k2_status,breach,TRUE
R13,k3_eligible_nav,342.2312,TRUE
R13,k3_ltv,0.338250866665576,TRUE
R13,k3_status,breach,TRUE
R13,checks_overall,ALL CHECKS PASS,TRUE
R14,eligible_nav,798.46,TRUE
R14,excluded_single_cap,0.0,TRUE
R14,excluded_top_n,0.0,TRUE
R14,ltv,0.139493525035694,TRUE
R14,diversified,TRUE,TRUE
R14,status,cash sweep,TRUE
R14,drawdown_to_sweep,0.0,TRUE
R14,drawdown_to_breach,0.249227529409614,TRUE
R14,cure_to_target,0.0,TRUE
R14,k1_eligible_nav,713.9,TRUE
R14,k1_ltv,0.156016248774338,TRUE
R14,k1_status,cash sweep,TRUE
R14,k2_eligible_nav,629.505,TRUE
R14,k2_ltv,0.176932669319545,TRUE
R14,k2_status,cash sweep,TRUE
R14,k3_eligible_nav,550.135,TRUE
R14,k3_ltv,0.202459396329992,TRUE
R14,k3_status,breach,TRUE
R14,checks_overall,ALL CHECKS PASS,TRUE
R15,eligible_nav,1127.82,TRUE
R15,excluded_single_cap,0.0,TRUE
R15,excluded_top_n,0.0,TRUE
R15,ltv,0.24753063432108,TRUE
R15,diversified,TRUE,TRUE
R15,status,breach,TRUE
R15,drawdown_to_sweep,0.0,TRUE
R15,drawdown_to_breach,0.0,TRUE
R15,cure_to_target,141.914306,TRUE
R15,k1_eligible_nav,1013.295,TRUE
R15,k1_ltv,0.275507132671137,TRUE
R15,k1_status,breach,TRUE
R15,k2_eligible_nav,921.055,TRUE
R15,k2_ltv,0.3030980777478,TRUE
R15,k2_status,breach,TRUE
R15,k3_eligible_nav,857.015,TRUE
R15,k3_ltv,0.325746923916151,TRUE
R15,k3_status,breach,TRUE
R15,checks_overall,ALL CHECKS PASS,TRUE
R16,eligible_nav,480.800534,TRUE
R16,excluded_single_cap,175.145,TRUE
R16,excluded_top_n,164.784466,TRUE
R16,ltv,0.0910772698933816,TRUE
R16,diversified,TRUE,TRUE
R16,status,ok,TRUE
R16,drawdown_to_sweep,0.562549135958782,TRUE
R16,drawdown_to_breach,0.5959304796212,TRUE
R16,cure_to_target,0.0,TRUE
R16,k1_eligible_nav,471.4786418,TRUE
R16,k1_ltv,0.0928780142252459,TRUE
R16,k1_status,ok,TRUE
R16,k2_eligible_nav,464.444285,TRUE
R16,k2_ltv,0.0942847213632955,TRUE
R16,k2_status,ok,TRUE
R16,k3_eligible_nav,457.4966594,TRUE
R16,k3_ltv,0.0957165459031546,TRUE
R16,k3_status,ok,TRUE
R16,checks_overall,ALL CHECKS PASS,TRUE
R17,eligible_nav,1095.2,TRUE
R17,excluded_single_cap,0.0,TRUE
R17,excluded_top_n,0.0,TRUE
R17,ltv,0.0428597516435354,TRUE
R17,diversified,TRUE,TRUE
R17,status,ok,TRUE
R17,drawdown_to_sweep,0.800094441961122,TRUE
R17,drawdown_to_breach,0.838387060167664,TRUE
R17,cure_to_target,0.0,TRUE
R17,k1_eligible_nav,962.72,TRUE
R17,k1_ltv,0.0487576865547615,TRUE
R17,k1_status,ok,TRUE
R17,k2_eligible_nav,856.13,TRUE
R17,k2_ltv,0.0548281218973754,TRUE
R17,k2_status,ok,TRUE
R17,k3_eligible_nav,751.21,TRUE
R17,k3_ltv,0.0624858561520746,TRUE
R17,k3_status,ok,TRUE
R17,checks_overall,ALL CHECKS PASS,TRUE
R18,eligible_nav,857.746,TRUE
R18,excluded_single_cap,93.494,TRUE
R18,excluded_top_n,0.0,TRUE
R18,ltv,0.490343295101347,TRUE
R18,diversified,TRUE,TRUE
R18,status,breach,TRUE
R18,drawdown_to_sweep,0.0,TRUE
R18,drawdown_to_breach,0.0,TRUE
R18,cure_to_target,276.3171228,TRUE
R18,k1_eligible_nav,708.899,TRUE
R18,k1_ltv,0.593300314995507,TRUE
R18,k1_status,breach,TRUE
R18,k2_eligible_nav,586.236,TRUE
R18,k2_ltv,0.717441439966157,TRUE
R18,k2_status,breach,TRUE
R18,k3_eligible_nav,495.3185,TRUE
R18,k3_ltv,0.8491304080102,TRUE
R18,k3_status,breach,TRUE
R18,checks_overall,ALL CHECKS PASS,TRUE
R19,eligible_nav,429.59,TRUE
R19,excluded_single_cap,0.0,TRUE
R19,excluded_top_n,0.0,TRUE
R19,ltv,0.323215158639633,TRUE
R19,diversified,TRUE,TRUE
R19,status,breach,TRUE
R19,drawdown_to_sweep,0.0,TRUE
R19,drawdown_to_breach,0.0,TRUE
R19,cure_to_target,111.78583,TRUE
R19,k1_eligible_nav,399.734,TRUE
R19,k1_ltv,0.347355991734503,TRUE
R19,k1_status,breach,TRUE
R19,k2_eligible_nav,372.983,TRUE
R19,k2_ltv,0.372268977406477,TRUE
R19,k2_status,breach,TRUE
R19,k3_eligible_nav,353.075,TRUE
R19,k3_ltv,0.393259222544785,TRUE
R19,k3_status,breach,TRUE
R19,checks_overall,ALL CHECKS PASS,TRUE
R20,eligible_nav,501.450254,TRUE
R20,excluded_single_cap,80.457,TRUE
R20,excluded_top_n,333.202746,TRUE
R20,ltv,0.132854654013198,TRUE
R20,diversified,FALSE,TRUE
R20,status,cash sweep,TRUE
R20,drawdown_to_sweep,0.187433308787783,TRUE
R20,drawdown_to_breach,0.347151577330725,TRUE
R20,cure_to_target,0.0,TRUE
R20,k1_eligible_nav,492.5285846,TRUE
R20,k1_ltv,0.135261185001282,TRUE
R20,k1_status,cash sweep,TRUE
R20,k2_eligible_nav,478.9560522,TRUE
R20,k2_ltv,0.139094181384686,TRUE
R20,k2_status,cash sweep,TRUE
R20,k3_eligible_nav,458.880755,TRUE
R20,k3_ltv,0.145179328777909,TRUE
R20,k3_status,cash sweep,TRUE
R20,checks_overall,ALL CHECKS PASS,TRUE
R21,eligible_nav,501.0344,TRUE
R21,excluded_single_cap,239.1356,TRUE
R21,excluded_top_n,0.0,TRUE
R21,ltv,0.126917433214167,TRUE
R21,diversified,TRUE,TRUE
R21,status,ok,TRUE
R21,drawdown_to_sweep,0.343077467835577,TRUE
R21,drawdown_to_breach,0.475114006558451,TRUE
R21,cure_to_target,0.0,TRUE
R21,k1_eligible_nav,484.49744,TRUE
R21,k1_ltv,0.13124940350562,TRUE
R21,k1_status,ok,TRUE
R21,k2_eligible_nav,468.43352,TRUE
R21,k2_ltv,0.135750319490373,TRUE
R21,k2_status,ok,TRUE
R21,k3_eligible_nav,454.24376,TRUE
R21,k3_ltv,0.139990915890622,TRUE
R21,k3_status,ok,TRUE
R21,checks_overall,ALL CHECKS PASS,TRUE
R22,eligible_nav,158.292,TRUE
R22,excluded_single_cap,105.528,TRUE
R22,excluded_top_n,0.0,TRUE
R22,ltv,0.391618022389003,TRUE
R22,diversified,FALSE,TRUE
R22,status,breach,TRUE
R22,drawdown_to_sweep,0.0,TRUE
R22,drawdown_to_breach,0.0,TRUE
R22,cure_to_target,39.4017316,TRUE
R22,k1_eligible_nav,80.4465,TRUE
R22,k1_ltv,0.7705742325645,TRUE
R22,k1_status,breach,TRUE
R22,k2_eligible_nav,31.206,TRUE
R22,k2_ltv,1.98647695955906,TRUE
R22,k2_status,breach,TRUE
R22,k3_eligible_nav,7.581,TRUE
R22,k3_ltv,8.17702150112122,TRUE
R22,k3_status,breach,TRUE
R22,checks_overall,ALL CHECKS PASS,TRUE
R23,eligible_nav,1294.67,TRUE
R23,excluded_single_cap,0.0,TRUE
R23,excluded_top_n,0.0,TRUE
R23,ltv,0.486185668934941,TRUE
R23,diversified,TRUE,TRUE
R23,status,breach,TRUE
R23,drawdown_to_sweep,0.0,TRUE
R23,drawdown_to_breach,0.0,TRUE
R23,cure_to_target,469.687722,TRUE
R23,k1_eligible_nav,1012.46,TRUE
R23,k1_ltv,0.621703573474508,TRUE
R23,k1_status,breach,TRUE
R23,k2_eligible_nav,766.33,TRUE
R23,k2_ltv,0.821382433155429,TRUE
R23,k2_status,breach,TRUE
R23,k3_eligible_nav,617.58,TRUE
R23,k3_ltv,1.01922018200071,TRUE
R23,k3_status,breach,TRUE
R23,checks_overall,ALL CHECKS PASS,TRUE
R24,eligible_nav,947.12,TRUE
R24,excluded_single_cap,0.0,TRUE
R24,excluded_top_n,0.0,TRUE
R24,ltv,0.101813920094603,TRUE
R24,diversified,TRUE,TRUE
R24,status,ok,TRUE
R24,drawdown_to_sweep,0.541997660393151,TRUE
R24,drawdown_to_breach,0.661297671009306,TRUE
R24,cure_to_target,0.0,TRUE
R24,k1_eligible_nav,860.13,TRUE
R24,k1_ltv,0.112110959971167,TRUE
R24,k1_status,ok,TRUE
R24,k2_eligible_nav,790.8,TRUE
R24,k2_ltv,0.12193980778958,TRUE
R24,k2_status,ok,TRUE
R24,k3_eligible_nav,726.765,TRUE
R24,k3_ltv,0.132683879933679,TRUE
R24,k3_status,ok,TRUE
R24,checks_overall,ALL CHECKS PASS,TRUE
R25,eligible_nav,374.73,TRUE
R25,excluded_single_cap,0.0,TRUE
R25,excluded_top_n,0.0,TRUE
R25,ltv,0.0338376964747952,TRUE
R25,diversified,TRUE,TRUE
R25,status,ok,TRUE
R25,drawdown_to_sweep,0.831820594061654,TRUE
R25,drawdown_to_breach,0.864486598018441,TRUE
R25,cure_to_target,0.0,TRUE
R25,k1_eligible_nav,327.475,TRUE
R25,k1_ltv,0.0387205130162608,TRUE
R25,k1_status,ok,TRUE
R25,k2_eligible_nav,295.565,TRUE
R25,k2_ltv,0.0429008847461641,TRUE
R25,k2_status,ok,TRUE
R25,k3_eligible_nav,263.92,TRUE
R25,k3_ltv,0.048044862079418,TRUE
R25,k3_status,ok,TRUE
R25,checks_overall,ALL CHECKS PASS,TRUE
R26,eligible_nav,761.98,TRUE
R26,excluded_single_cap,0.0,TRUE
R26,excluded_top_n,0.0,TRUE
R26,ltv,0.140239901309746,TRUE
R26,diversified,TRUE,TRUE
R26,status,ok,TRUE
R26,drawdown_to_sweep,0.0981356828955263,TRUE
R26,drawdown_to_breach,0.389996079557435,TRUE
R26,cure_to_target,0.0,TRUE
R26,k1_eligible_nav,729.349,TRUE
R26,k1_ltv,0.146514220215562,TRUE
R26,k1_status,ok,TRUE
R26,k2_eligible_nav,697.099,TRUE
R26,k2_ltv,0.153292430486918,TRUE
R26,k2_status,ok,TRUE
R26,k3_eligible_nav,665.158,TRUE
R26,k3_ltv,0.160653559004026,TRUE
R26,k3_status,cash sweep,TRUE
R26,checks_overall,ALL CHECKS PASS,TRUE
R27,eligible_nav,524.69,TRUE
R27,excluded_single_cap,108.01,TRUE
R27,excluded_top_n,0.0,TRUE
R27,ltv,0.182107530160666,TRUE
R27,diversified,TRUE,TRUE
R27,status,breach,TRUE
R27,drawdown_to_sweep,0.0,TRUE
R27,drawdown_to_breach,0.0,TRUE
R27,cure_to_target,63.753786,TRUE
R27,k1_eligible_nav,465.842,TRUE
R27,k1_ltv,0.205112463023944,TRUE
R27,k1_status,breach,TRUE
R27,k2_eligible_nav,422.53,TRUE
R27,k2_ltv,0.226137789032731,TRUE
R27,k2_status,breach,TRUE
R27,k3_eligible_nav,383.292,TRUE
R27,k3_ltv,0.249287749287749,TRUE
R27,k3_status,breach,TRUE
R27,checks_overall,ALL CHECKS PASS,TRUE
R28,eligible_nav,616.592,TRUE
R28,excluded_single_cap,5.46799999999996,TRUE
R28,excluded_top_n,0.0,TRUE
R28,ltv,0.106731842125749,TRUE
R28,diversified,TRUE,TRUE
R28,status,ok,TRUE
R28,drawdown_to_sweep,0.536150186328773,TRUE
R28,drawdown_to_breach,0.653917502834795,TRUE
R28,cure_to_target,0.0,TRUE
R28,k1_eligible_nav,492.18,TRUE
R28,k1_ltv,0.133711243853875,TRUE
R28,k1_status,ok,TRUE
R28,k2_eligible_nav,411.61,TRUE
R28,k2_ltv,0.159884356551104,TRUE
R28,k2_status,ok,TRUE
R28,k3_eligible_nav,348.3,TRUE
R28,k3_ltv,0.188946310651737,TRUE
R28,k3_status,ok,TRUE
R28,checks_overall,ALL CHECKS PASS,TRUE
R29,eligible_nav,404.763632,TRUE
R29,excluded_single_cap,28.51,TRUE
R29,excluded_top_n,27.876368,TRUE
R29,ltv,0.238386041560177,TRUE
R29,diversified,TRUE,TRUE
R29,status,ok,TRUE
R29,drawdown_to_sweep,0.060732696768414,TRUE
R29,drawdown_to_breach,0.271436303300194,TRUE
R29,cure_to_target,0.0,TRUE
R29,k1_eligible_nav,376.287164,TRUE
R29,k1_ltv,0.256426498779002,TRUE
R29,k1_status,cash sweep,TRUE
R29,k2_eligible_nav,346.894551,TRUE
R29,k2_ltv,0.278153691725184,TRUE
R29,k2_status,cash sweep,TRUE
R29,k3_eligible_nav,319.244848,TRUE
R29,k3_ltv,0.302244501687307,TRUE
R29,k3_status,cash sweep,TRUE
R29,checks_overall,ALL CHECKS PASS,TRUE
R30,eligible_nav,1174.73,TRUE
R30,excluded_single_cap,0.0,TRUE
R30,excluded_top_n,0.0,TRUE
R30,ltv,0.362466268844756,TRUE
R30,diversified,TRUE,TRUE
R30,status,breach,TRUE
R30,drawdown_to_sweep,0.0,TRUE
R30,drawdown_to_breach,0.0,TRUE
R30,cure_to_target,311.146352,TRUE
R30,k1_eligible_nav,894.83,TRUE
R30,k1_ltv,0.475844573829666,TRUE
R30,k1_status,breach,TRUE
R30,k2_eligible_nav,747.74,TRUE
R30,k2_ltv,0.569449273811753,TRUE
R30,k2_status,breach,TRUE
R30,k3_eligible_nav,625.94,TRUE
R30,k3_ltv,0.680256893631978,TRUE
R30,k3_status,breach,TRUE
R30,checks_overall,ALL CHECKS PASS,TRUE
R31,eligible_nav,977.57,TRUE
R31,excluded_single_cap,0.0,TRUE
R31,excluded_top_n,0.0,TRUE
R31,ltv,0.479443927289094,TRUE
R31,diversified,TRUE,TRUE
R31,status,breach,TRUE
R31,drawdown_to_sweep,0.0,TRUE
R31,drawdown_to_breach,0.0,TRUE
R31,cure_to_target,275.13114,TRUE
R31,k1_eligible_nav,842.0,TRUE
R31,k1_ltv,0.556638954869359,TRUE
R31,k1_status,breach,TRUE
R31,k2_eligible_nav,748.22,TRUE
R31,k2_ltv,0.626406671834487,TRUE
R31,k2_status,breach,TRUE
R31,k3_eligible_nav,664.9775,TRUE
R31,k3_ltv,0.70482083980285,TRUE
R31,k3_status,breach,TRUE
R31,checks_overall,ALL CHECKS PASS,TRUE
R32,eligible_nav,1928.46,TRUE
R32,excluded_single_cap,0.0,TRUE
R32,excluded_top_n,0.0,TRUE
R32,ltv,0.0422772575008038,TRUE
R32,diversified,TRUE,TRUE
R32,status,ok,TRUE
R32,drawdown_to_sweep,0.731572968248865,TRUE
R32,drawdown_to_breach,0.803086830457365,TRUE
R32,cure_to_target,0.0,TRUE
R32,k1_eligible_nav,1639.83,TRUE
R32,k1_ltv,0.0497185683881866,TRUE
R32,k1_status,ok,TRUE
R32,k2_eligible_nav,1406.69,TRUE
R32,k2_ltv,0.0579587542386738,TRUE
R32,k2_status,ok,TRUE
R32,k3_eligible_nav,1164.634,TRUE
R32,k3_ltv,0.0700048255503446,TRUE
R32,k3_status,ok,TRUE
R32,checks_overall,ALL CHECKS PASS,TRUE
R33,eligible_nav,418.732998,TRUE
R33,excluded_single_cap,0.0,TRUE
R33,excluded_top_n,172.197002,TRUE
R33,ltv,0.258350788012174,TRUE
R33,diversified,TRUE,TRUE
R33,status,breach,TRUE
R33,drawdown_to_sweep,0.0,TRUE
R33,drawdown_to_breach,0.0,TRUE
R33,cure_to_target,67.772265693,TRUE
R33,k1_eligible_nav,256.470684,TRUE
R33,k1_ltv,0.421802594794811,TRUE
R33,k1_status,breach,TRUE
R33,k2_eligible_nav,152.77416,TRUE
R33,k2_ltv,0.708104040630955,TRUE
R33,k2_status,breach,TRUE
R33,k3_eligible_nav,100.146438,TRUE
R33,k3_ltv,1.08021815014529,TRUE
R33,k3_status,breach,TRUE
R33,checks_overall,ALL CHECKS PASS,TRUE
R34,eligible_nav,431.1215,TRUE
R34,excluded_single_cap,42.9485,TRUE
R34,excluded_top_n,0.0,TRUE
R34,ltv,0.33719032801658,TRUE
R34,diversified,TRUE,TRUE
R34,status,breach,TRUE
R34,drawdown_to_sweep,0.0,TRUE
R34,drawdown_to_breach,0.0,TRUE
R34,cure_to_target,112.21675665,TRUE
R34,k1_eligible_nav,319.376,TRUE
R34,k1_ltv,0.455168829216973,TRUE
R34,k1_status,breach,TRUE
R34,k2_eligible_nav,221.99,TRUE
R34,k2_ltv,0.654849317536826,TRUE
R34,k2_status,breach,TRUE
R34,k3_eligible_nav,142.2455,TRUE
R34,k3_ltv,1.02196554548299,TRUE
R34,k3_status,breach,TRUE
R34,checks_overall,ALL CHECKS PASS,TRUE
R35,eligible_nav,957.01,TRUE
R35,excluded_single_cap,0.0,TRUE
R35,excluded_top_n,0.0,TRUE
R35,ltv,0.339787463035914,TRUE
R35,diversified,TRUE,TRUE
R35,status,breach,TRUE
R35,drawdown_to_sweep,0.0,TRUE
R35,drawdown_to_breach,0.0,TRUE
R35,cure_to_target,232.541432,TRUE
R35,k1_eligible_nav,808.2925,TRUE
R35,k1_ltv,0.402304858699048,TRUE
R35,k1_status,breach,TRUE
R35,k2_eligible_nav,682.78,TRUE
R35,k2_ltv,0.476258824218636,TRUE
R35,k2_status,breach,TRUE
R35,k3_eligible_nav,600.4,TRUE
R35,k3_ltv,0.541605596269154,TRUE
R35,k3_status,breach,TRUE
R35,checks_overall,ALL CHECKS PASS,TRUE
R36,eligible_nav,1388.65,TRUE
R36,excluded_single_cap,0.0,TRUE
R36,excluded_top_n,0.0,TRUE
R36,ltv,0.183300327656357,TRUE
R36,diversified,TRUE,TRUE
R36,status,ok,TRUE
R36,drawdown_to_sweep,0.280893182988008,TRUE
R36,drawdown_to_breach,0.321863382699383,TRUE
R36,cure_to_target,0.0,TRUE
R36,k1_eligible_nav,1275.035,TRUE
R36,k1_ltv,0.199633735544514,TRUE
R36,k1_status,ok,TRUE
R36,k2_eligible_nav,1184.995,TRUE
R36,k2_ltv,0.214802594103773,TRUE
R36,k2_status,ok,TRUE
R36,k3_eligible_nav,1138.97,TRUE
R36,k3_ltv,0.223482620262167,TRUE
R36,k3_status,ok,TRUE
R36,checks_overall,ALL CHECKS PASS,TRUE
